Tweet_id,Tweet_text,user_id,user_name,user_followers,retweeter_id,retweeter_name,retweeter_followers,retweeter_level,first_level_follower
745741673502752768,Oui oui les frangins red devils! @mbatshuayi @CarrascoY21 @axelwitsel28 üáßüá™ #euro2016 #nice https://t.co/akDtOIxR6x,66083959,MPokora,4190204,2148700645,fan_de_mpo,680,1
745741673502752768,Oui oui les frangins red devils! @mbatshuayi @CarrascoY21 @axelwitsel28 üáßüá™ #euro2016 #nice https://t.co/akDtOIxR6x,66083959,MPokora,4190204,999561481,_Anne_laureD,212,3
745543044364009473,"Anglicy nagrali filmik, jak depczƒÖ flagƒô Polski, tak ≈ºa≈Çosnego zachowania jeszcze na Euro nie widzia≈Çam. #EURO2016 https://t.co/STpBsSFOMv",2449382941,hazzusek,6588,1212356720,luvmylarrehx,2380,3
745891471723741185,Dzisiaj pierwszy trening pi≈Çkami przygotowanymi specjalnie na fazƒô pucharowƒÖ #EURO2016 https://t.co/ZBsqgzFlsn,932557124,KwiatkowskiKuba,22168,138493247,MarcelPrz,236,1
745722052640931840,Agicionados #IRL abollan un coche y le meten dinero por la ventanilla para remediarloüòÇüîù. #EURO2016 https://t.co/YJ9XEjCzMV,535384846,lacarab_futbol,4959,278101665,MattCorujo,408,3
745727414093910016,"#EURO2016, le tableau final!
Qui va gagner l'EURO, le 10 juillet? https://t.co/c5GCgJkoua",1258919365,EURO2016,313677,2298512576,VTLH_,57,1
745727414093910016,"#EURO2016, le tableau final!
Qui va gagner l'EURO, le 10 juillet? https://t.co/c5GCgJkoua",1258919365,EURO2016,313677,2545512910,VirginieFumeaux,286,1
745727414093910016,"#EURO2016, le tableau final!
Qui va gagner l'EURO, le 10 juillet? https://t.co/c5GCgJkoua",1258919365,EURO2016,313677,1899650768,LauuraKim,51,1
745727414093910016,"#EURO2016, le tableau final!
Qui va gagner l'EURO, le 10 juillet? https://t.co/c5GCgJkoua",1258919365,EURO2016,313677,293419219,BeatrizTea,3259,3
745727414093910016,"#EURO2016, le tableau final!
Qui va gagner l'EURO, le 10 juillet? https://t.co/c5GCgJkoua",1258919365,EURO2016,313677,3363064097,JunkieElBatard,114,3
745727414093910016,"#EURO2016, le tableau final!
Qui va gagner l'EURO, le 10 juillet? https://t.co/c5GCgJkoua",1258919365,EURO2016,313677,705389824,Kurama_X9,109,3
745727414093910016,"#EURO2016, le tableau final!
Qui va gagner l'EURO, le 10 juillet? https://t.co/c5GCgJkoua",1258919365,EURO2016,313677,2377205314,paulineczgl,717,3
745893718306197507,What a night! üçÄüáÆüá™‚òòüôèüèΩ‚ù§ @FAIreland #EURO2016 #COYBIG https://t.co/84H6pZ2Wju,4469675356,RandzOfficial,9457,446535953,VickyOldacre,205,1
745849368658456577,"#Euro2016 round of 16: two days üôå

#SUI #POL
#WAL #NIR
#CRO #POR
#FRA #IRL
#GER #SVK
#HUN #BEL
#ITA #ESP
#ENG #ISL https://t.co/C9Rwhqs9sq",1561123663,br_uk,161186,745680163116097536,Darth_Filorzz,6,1
745849368658456577,"#Euro2016 round of 16: two days üôå

#SUI #POL
#WAL #NIR
#CRO #POR
#FRA #IRL
#GER #SVK
#HUN #BEL
#ITA #ESP
#ENG #ISL https://t.co/C9Rwhqs9sq",1561123663,br_uk,161186,381388131,Soqie_says,3145,3
745261234426101761,#EURO2016: Who is playing who? https://t.co/FYqcwC4B5u #infosec,73825409,twitteveen,351,3052642262,RalfAmrein,87,1
745882255449534464,When you wake up and realise there is no #EURO2016 games on for two days! https://t.co/1ikmEYFiUp,985117128,SundayChants,163730,802975290,Scholeshire,433,3
745659875175305216,"Cristiano Ronaldo has scored or assisted a goal for the first time at #EURO2016.

It took him 222 minutes. https://t.co/TFD5VmrI14",385473825,Squawka,554466,294538558,_itzdilz,1549,1
745740519993708544,#EURO2016 En el lado izquierdo del cuadro 0 Eurocopas y 0 mundiales. En el lado derecho 11 mundiales y 9 Eurocopas. https://t.co/9ZJq1qoBGW,26255737,Borja_Pardo,25496,296766564,eduu_11,234,1
745365610251464705,"Demir Kule ""KIRMIZI-BEYAZ""

#TUR #EURO2016 https://t.co/BWv5U8vcXg",247913809,Feneristcom,266739,737919864170553344,huseyingul02016,3,3
745880369795313665,Bizim futbolcular Euro2016'nƒ±n Euro kƒ±smƒ±na odaklanmƒ±≈ü demek ki..,99146931,_Doganinkanunu_,813,345388303,sukru54,599,3
745867397458984960,Congratulations to all the Home Nations getting through to the last 16 - @England @FAIreland @FAWales @OfficialIrishFA #EURO2016,2656744153,SolManOfficial,79900,78481207,Amfaifind,507,1
745742876160688128,"üé∂ le porga la chioma... üé∂ 
#ItaliaIrlanda #EURO2016 #antonioconte #ITAIRL #ForzaNapoliSempre #lorenzoinsigne https://t.co/YE76sfuHM8",154059908,Faber991,142,3296497990,luidamato,233,1
745304642205130753,Video: Irish man wearing horse mask scores goal through open window in Lille and the fans go crazy #irl #EURO2016 https://t.co/x2Y4ZIYdn5,45399656,wyliecatherine,2255,1544929686,pg_patobanton,1,3
745893951836655620,"THAT Icelandic commentator, @GummiBen #ISL #EURO2016 https://t.co/Uw2pIIuMbF",52719612,ayshardzn,45512,1112114071,_geekdig,2404,1
745893951836655620,"THAT Icelandic commentator, @GummiBen #ISL #EURO2016 https://t.co/Uw2pIIuMbF",52719612,ayshardzn,45512,1016769193,nadzreensyahmi1,457,1
745893951836655620,"THAT Icelandic commentator, @GummiBen #ISL #EURO2016 https://t.co/Uw2pIIuMbF",52719612,ayshardzn,45512,2942645647,_afiqnaqiuddin,309,1
745893951836655620,"THAT Icelandic commentator, @GummiBen #ISL #EURO2016 https://t.co/Uw2pIIuMbF",52719612,ayshardzn,45512,591762568,AmiraulMeireles,1754,1
745893951836655620,"THAT Icelandic commentator, @GummiBen #ISL #EURO2016 https://t.co/Uw2pIIuMbF",52719612,ayshardzn,45512,408361064,DonJuanFikri,624,3
745893951836655620,"THAT Icelandic commentator, @GummiBen #ISL #EURO2016 https://t.co/Uw2pIIuMbF",52719612,ayshardzn,45512,754276772,afiqqqizzat,868,3
745893951836655620,"THAT Icelandic commentator, @GummiBen #ISL #EURO2016 https://t.co/Uw2pIIuMbF",52719612,ayshardzn,45512,897012008,qy__________,245,3
745887170800529409,Best XI Fase Grup #EURO2016 versi Opta https://t.co/2YHwK8lYlV,1681032913,SiaranBolaLivee,219922,636819801,AN_zaky,834,1
745725629908164609,"One half of the draw has 20 major international titles.

The other has 0. Nice and balanced...

#EURO2016 https://t.co/Zgh7aRC2Hb",267084551,BreatheSport,77055,2271161,navid_ahmed,72,3
745836863013949441,"#EURO2016 Last 16:
Monday: 
Italy v Spain - 6pm 
England v Iceland - 9pm",32824308,CindyPoluta,23876,735838675607519232,ajmair682,20,1
745727434851385344,"Le commentateur islandais On dirait une ch√®vre qui se fait √©gorger
mdrr üòÇüòÇ #EURO2016 https://t.co/xajxBMqEOT",586038245,didas_du69,19331,3642817097,jordanfernds,44,3
745894042567905280,"MyBetFriend, l‚Äôapplication sociale de pronostics pour l‚ÄôEuro 2016. #EURO2016 https://t.co/LPaRB7Brjf https://t.co/jslccak3w0",1637793782,Siecledigital,33111,133495129,KevinGourdon,3236,1
745732152164294656,"Bild says that if Britain votes to Remain, Germany will stop disputing Geoff Hurst's ""Wembley goal"" #EUref #EURO2016 https://t.co/XrqORPnsBw",37072353,MattSingh_,4078,2781486568,daiismay,146,3
745719785137258496,RT If You Feel This Is Best Goal Of #EURO2016 So Far. Awesome Footwork By Cristiano Ronaldo. #HUNPOR  #CR7 https://t.co/wA8BUlyCH9,1102984189,SirJadeja,324846,155223663,saikiran7,946,1
745719785137258496,RT If You Feel This Is Best Goal Of #EURO2016 So Far. Awesome Footwork By Cristiano Ronaldo. #HUNPOR  #CR7 https://t.co/wA8BUlyCH9,1102984189,SirJadeja,324846,612542663,Divvi_04,298,3
745738685400899584,#EURO2016 : @DanielRiolo d√©briefe la phase de poules https://t.co/5EqiHdU4Yy https://t.co/6f8BpUXhcV,157065580,AfterRMC,168432,1557698005,AmlieGrandjean,129,1
745723598472609793,"Le tableau final #EURO2016 

#FRA Vs #IRL et #ITA Vs #ESP pour nos Parisiens #PSG https://t.co/eE6bQQRGEv",557529388,ParisNoLimit,35574,2804319735,Chriis_pls,2945,1
744822454569164801,Magnifique l'euro #EURO2016 üòÇüòÇ https://t.co/rTSzKXAxPl,1970902867,IdemZo,1068,1499029298,Wassibel,576,3
745887796481626112,"#Euro2016 - We will never forget this memorable match!!!
WATCH 20 Photos and video HERE: https://t.co/eenElPf2nV https://t.co/vCf2r4vdpu",1972299030,DNewsHungary,1302,1584223776,rebel_taurus_,289,1
745772146413166592,"#Euro2016 knockouts are set: https://t.co/fCtRIjnFxE

Guess who won't be there... https://t.co/0Vl8H7OMIU",851645450,ESPN_Caribbean,3369,9909452,vipulananda,2722,1
745727894073245696,Oitavos de final do #EURO2016 https://t.co/Chu57OQk7K,2893939156,bola24pt,22546,3403215844,pericao_el_gato,819,3
745727894073245696,Oitavos de final do #EURO2016 https://t.co/Chu57OQk7K,2893939156,bola24pt,22546,3807037337,carlosmataa15,1611,3
745651830303031297,„ÇØ„É™„Çπ„ÉÜ„Ç£„Ç¢„Éº„Éé„Éª„É≠„Éä„Ç¶„Éâ„Åå„É¶„Éº„É≠Êú¨Â§ß‰ºöÊúÄÂ§öÂá∫Â†¥Ë®òÈå≤„ÇíÊõ¥Êñ∞„ÄÇ„Åì„Åì„Åæ„ÅßÊ≤àÈªô„ÅÆ #CR7 „ÄÇËá™Ë∫´„ÅÆ„Ç¥„Éº„É´„ÅßË®òÈå≤„Å´Ëä±„ÇíÊ∑ª„Åà„Çâ„Çå„Çã„ÅãÔºü #EURO2016 #POR https://t.co/rOJx7fgygZ,475615015,GoalJP_Official,23568,2929320565,TakuLuka,144,3
745890639297019904,Dear employer ... #RobbieBrady #lille #Ireland #IrelandVItaly #michaeldhiggins #EURO2016 #COYBIG #IRLITA #euros https://t.co/Bzr38kAfsO,202219534,AilbheC7,339,187179778,dailyedge,47584,3
745890639297019904,Dear employer ... #RobbieBrady #lille #Ireland #IrelandVItaly #michaeldhiggins #EURO2016 #COYBIG #IRLITA #euros https://t.co/Bzr38kAfsO,202219534,AilbheC7,339,450713632,ayybheann,971,3
745680287464488960,#Eng will now face #ISL instead of #Por in the next round of #EURO2016 https://t.co/VMXDk7uFFY,571964518,TrollFootball,564684,745486154573615104,AmirulHamidi_,28,1
741391279041417216,French pub preparing for Irish fans-French pub preparing for English fans. #EURO2016 https://t.co/RywuOfADzc,260426296,RealPMurphy,1449,2751918938,Tomsker1,577,3
745740215847948288,With the main man tonight MOM for me Robbie Brady #makinghistory #COYBIG #EURO2016 üáÆüá™‚òò https://t.co/h4dsgCf7jZ,475826738,No1shaygiven,357911,145716666,_RianMartin_,323,1
745721380721795072,"#EURO2016 round of 16:

#SUI vs #POL
#WAL vs #NIR
#CRO vs #POR
#FRA vs #IRL
#GER vs #SVK
#HUN vs #BEL
#ITA vs #ESP
#ENG vs #ISL",1372726615,8Fact_Footballl,338740,631139904,FarouqRasidi,438,3
745754707692486656,Great job #Iceland outstanding result tonight.  #ice from the #GAWA #NIR #EURO2016 #DareToDream,160189998,warrensmyth,120,4822233796,jeccles1995,67,1
745791823528984576,Still feel like dude on the steps at the end is the closest a human has flapped his arms and came to flight. https://t.co/xUnEE0QwT6,43328688,yahmpy,2358,537551160,kgalnarossan,66,1
744987908881387521,Never miss a game. Retweet this tweet to get daily #EURO2016 fixtures tweeted directly to you. #SSFootball https://t.co/z8s6go6CW3,29930178,SuperSportTV,1510972,387866481,mduduzinkomo,96,1
745744284943552512,Very lopsided draw now with all the big teams on one side. Huge chance for Croatia to make the final #Euro2016 https://t.co/lW9NczRLiH,24412755,MC_CFC1905,1075,1299727033,DPCFC,885,1
745727022882664449,"Carta rasmi undian Pusingan 16. 

RT JIKA PASUKAN YANG ANDA SOKONG LAYAK!

#EURO2016 https://t.co/FGimrxpAaP",1386387337,twt_bola,15589,1307512644,miegho,508,3
745725369307762692,All 10 #mufc players at #EURO2016 have made it through to the last 16 in France ‚Äì congratulations lads!,558797310,ManUtd,7956034,280388971,lekan_balogun77,166,1
745725369307762692,All 10 #mufc players at #EURO2016 have made it through to the last 16 in France ‚Äì congratulations lads!,558797310,ManUtd,7956034,1040522226,Limo_alan,9974,3
745722044046807040,Fado's Bar in Philadelphia!!! Good man #RobbieBrady #COYBIG #EURO2016 #IRLITA https://t.co/FEjVZHJNZv,515722353,WWESheamus,2714058,3425468613,GraziaRegina,180,1
745864880037584896,"#Euro2016 : Les supporters Irlandais sont vraiment au top ! üëå‚öΩÔ∏èüçªüçÄ
https://t.co/YLrlXU6FBn",402999736,GossipRoomOff,164986,4633679441,lea_italia77,151,1
745864880037584896,"#Euro2016 : Les supporters Irlandais sont vraiment au top ! üëå‚öΩÔ∏èüçªüçÄ
https://t.co/YLrlXU6FBn",402999736,GossipRoomOff,164986,3205860287,Coralie_Bln,154,3
745864880037584896,"#Euro2016 : Les supporters Irlandais sont vraiment au top ! üëå‚öΩÔ∏èüçªüçÄ
https://t.co/YLrlXU6FBn",402999736,GossipRoomOff,164986,3864137223,rouanet_lea,1623,3
745804078635089920,"#Euro2016| Ramos le 'rob√≥' el penalti a Iniesta
üëâhttps://t.co/ceTRSIoCas https://t.co/CEAFD4nAQk",19343904,sport,1247606,999615152,JuanmaDiaz65,505,1
742795526374989826,"„Ç¢„Ç§„Çπ„É©„É≥„Éâ‰∫∫Âè£„ÅÆ„ÅÜ„Å°„ÄÅ3%„Åå„Åì„ÅÆÂÜôÁúü„Å´ÂÜô„Å£„Å¶„Çã„Å£„Å¶„ÄÇ

Â†±ÈÅì„Å´„Çà„Çã„Å®„ÄÅ‰∫∫Âè£„ÅÆ8%„ÅåÁèæÂú®Ê∏°‰ªè„Åó„Å¶„ÅÑ„Çã„Å®„ÅÑ„ÅÜ„ÄÇ

„Å™„Åä„ÄÅ„Ç¢„Ç§„Çπ„É©„É≥„Éâ„ÅÆ‰∫∫Âè£„Åå33‰∏á‰∫∫Á®ãÂ∫¶„Åß„ÅÇ„Çã„ÄÇ

#ISL  https://t.co/CEivoKtrOi",67341582,BenMabley,39066,101765239,otuotuotuotu,115,3
745870153997492224,[#EURO2016] Pas de match aujourd'hui et demain... üòû https://t.co/mwJrgnKW6z,603018371,Footballogue,377512,3239281186,Ngolo08,421,1
745870153997492224,[#EURO2016] Pas de match aujourd'hui et demain... üòû https://t.co/mwJrgnKW6z,603018371,Footballogue,377512,1314525877,Shani_Strauss,1100,1
745870153997492224,[#EURO2016] Pas de match aujourd'hui et demain... üòû https://t.co/mwJrgnKW6z,603018371,Footballogue,377512,2377362443,Saudin106,61,1
745870153997492224,[#EURO2016] Pas de match aujourd'hui et demain... üòû https://t.co/mwJrgnKW6z,603018371,Footballogue,377512,869731526,_MrEmpi,333,1
745870153997492224,[#EURO2016] Pas de match aujourd'hui et demain... üòû https://t.co/mwJrgnKW6z,603018371,Footballogue,377512,755456652,NuritFlorent,203,3
745870153997492224,[#EURO2016] Pas de match aujourd'hui et demain... üòû https://t.co/mwJrgnKW6z,603018371,Footballogue,377512,2383924718,keynnrockoff,2866,3
745870153997492224,[#EURO2016] Pas de match aujourd'hui et demain... üòû https://t.co/mwJrgnKW6z,603018371,Footballogue,377512,3077531359,HeathThe,459,3
745870153997492224,[#EURO2016] Pas de match aujourd'hui et demain... üòû https://t.co/mwJrgnKW6z,603018371,Footballogue,377512,706541837838905344,_ChristCosmique,76,3
745870153997492224,[#EURO2016] Pas de match aujourd'hui et demain... üòû https://t.co/mwJrgnKW6z,603018371,Footballogue,377512,1714891824,ali_shabaaz,56,3
745870153997492224,[#EURO2016] Pas de match aujourd'hui et demain... üòû https://t.co/mwJrgnKW6z,603018371,Footballogue,377512,3257629696,16_Janvier,101,3
745889492029018112,"#ThatMomentWhen You realise there's not a single #Euro2016 match played today.
https://t.co/RaTTIvmChX",538031518,BBCSporf,960012,1468459621,oyoung92,89,1
745889492029018112,"#ThatMomentWhen You realise there's not a single #Euro2016 match played today.
https://t.co/RaTTIvmChX",538031518,BBCSporf,960012,326636376,andydovey,1073,1
745889492029018112,"#ThatMomentWhen You realise there's not a single #Euro2016 match played today.
https://t.co/RaTTIvmChX",538031518,BBCSporf,960012,3380447351,pheliz_obiri,109,3
745889492029018112,"#ThatMomentWhen You realise there's not a single #Euro2016 match played today.
https://t.co/RaTTIvmChX",538031518,BBCSporf,960012,880278552,testitireland,60,3
745721981757177856,"Daryl Murphy starts, #irl qualify....üòè #justsaying. Congrats to Murph and the @FAIreland squad! #EURO2016 #itfc https://t.co/Eh0PKqna80",356175998,Official_ITFC,73542,3201180394,mark_jubb,93,1
745754208180240388,"The Irish fans have a brilliant new chant at #EURO2016
It's time for everyone to learn 'We're gonna beat the French' https://t.co/6mpvQCJqwL",132123068,JOEdotie,272700,410660570,eoghanbeag,248,1
745721298542682112,"Octavos de la #EURO2016¬†:
#SUI¬†-#POL¬†
#CRO¬†-#POR¬†
#WAL¬†-#NIR¬†
#HUN¬†-#BEL¬†
#GER¬†-#SVK¬†
#ITA¬†-#ESP¬†
#FRA¬†-#IRL¬†
#ENG¬†-#ISL",442984214,Futbol_ahora,350976,1566200544,MarioSolana5,309,3
745685263624581120,"Avec seulement 100 joueurs pros dans son pays, l'#ISL est parvenue √† se qualifier pour 8es de finale de l'#EURO2016. https://t.co/bbAQET4CuL",771606164,ActuFoot_,497931,3077226787,GambiniThomas,137,1
745647251712839680,And here are the lineups for #HUN v #POR. Will Portugal join their opponents in the round of 16? #HUNPOR #EURO2016 https://t.co/fSfii14F23,1469402426,UEFAEURO,908314,1244030749,MusambotheMuse,642,1
745647251712839680,And here are the lineups for #HUN v #POR. Will Portugal join their opponents in the round of 16? #HUNPOR #EURO2016 https://t.co/fSfii14F23,1469402426,UEFAEURO,908314,108255807,awanxbaia,1501,1
745647251712839680,And here are the lineups for #HUN v #POR. Will Portugal join their opponents in the round of 16? #HUNPOR #EURO2016 https://t.co/fSfii14F23,1469402426,UEFAEURO,908314,3401417129,0ac28c3d356f472,133,1
745647251712839680,And here are the lineups for #HUN v #POR. Will Portugal join their opponents in the round of 16? #HUNPOR #EURO2016 https://t.co/fSfii14F23,1469402426,UEFAEURO,908314,450497654,Matthias_Blomme,764,1
745647251712839680,And here are the lineups for #HUN v #POR. Will Portugal join their opponents in the round of 16? #HUNPOR #EURO2016 https://t.co/fSfii14F23,1469402426,UEFAEURO,908314,3360795137,samba_jerseys,189,1
745647251712839680,And here are the lineups for #HUN v #POR. Will Portugal join their opponents in the round of 16? #HUNPOR #EURO2016 https://t.co/fSfii14F23,1469402426,UEFAEURO,908314,2245106144,Ankhhaa,226,1
745647251712839680,And here are the lineups for #HUN v #POR. Will Portugal join their opponents in the round of 16? #HUNPOR #EURO2016 https://t.co/fSfii14F23,1469402426,UEFAEURO,908314,2832853210,perssonfelix12,141,1
745647251712839680,And here are the lineups for #HUN v #POR. Will Portugal join their opponents in the round of 16? #HUNPOR #EURO2016 https://t.co/fSfii14F23,1469402426,UEFAEURO,908314,3407779499,enzo_silva12,829,1
745647251712839680,And here are the lineups for #HUN v #POR. Will Portugal join their opponents in the round of 16? #HUNPOR #EURO2016 https://t.co/fSfii14F23,1469402426,UEFAEURO,908314,2929320565,TakuLuka,144,3
745647251712839680,And here are the lineups for #HUN v #POR. Will Portugal join their opponents in the round of 16? #HUNPOR #EURO2016 https://t.co/fSfii14F23,1469402426,UEFAEURO,908314,2809163574,FUKEDLUKE,4493,3
745647251712839680,And here are the lineups for #HUN v #POR. Will Portugal join their opponents in the round of 16? #HUNPOR #EURO2016 https://t.co/fSfii14F23,1469402426,UEFAEURO,908314,66062894,Gunnerific_arv,536,3
745647251712839680,And here are the lineups for #HUN v #POR. Will Portugal join their opponents in the round of 16? #HUNPOR #EURO2016 https://t.co/fSfii14F23,1469402426,UEFAEURO,908314,2892858188,pinkki14,16,3
745647251712839680,And here are the lineups for #HUN v #POR. Will Portugal join their opponents in the round of 16? #HUNPOR #EURO2016 https://t.co/fSfii14F23,1469402426,UEFAEURO,908314,1012736850,Akhilsindhu19,63,3
745647251712839680,And here are the lineups for #HUN v #POR. Will Portugal join their opponents in the round of 16? #HUNPOR #EURO2016 https://t.co/fSfii14F23,1469402426,UEFAEURO,908314,302468486,nanA_AntWi_,1254,3
745647251712839680,And here are the lineups for #HUN v #POR. Will Portugal join their opponents in the round of 16? #HUNPOR #EURO2016 https://t.co/fSfii14F23,1469402426,UEFAEURO,908314,865025923,KRiimVaiisseauM,389,3
745647251712839680,And here are the lineups for #HUN v #POR. Will Portugal join their opponents in the round of 16? #HUNPOR #EURO2016 https://t.co/fSfii14F23,1469402426,UEFAEURO,908314,51033160,MarkSpur61,325,3
745647251712839680,And here are the lineups for #HUN v #POR. Will Portugal join their opponents in the round of 16? #HUNPOR #EURO2016 https://t.co/fSfii14F23,1469402426,UEFAEURO,908314,126035511,jeremiecs,123,3
745647251712839680,And here are the lineups for #HUN v #POR. Will Portugal join their opponents in the round of 16? #HUNPOR #EURO2016 https://t.co/fSfii14F23,1469402426,UEFAEURO,908314,64687674,Meer_Farbig,32,3
745647251712839680,And here are the lineups for #HUN v #POR. Will Portugal join their opponents in the round of 16? #HUNPOR #EURO2016 https://t.co/fSfii14F23,1469402426,UEFAEURO,908314,955528734,HarpaFrankels,263,3
745647251712839680,And here are the lineups for #HUN v #POR. Will Portugal join their opponents in the round of 16? #HUNPOR #EURO2016 https://t.co/fSfii14F23,1469402426,UEFAEURO,908314,3401417129,0ac28c3d356f472,133,3
745708533149204480,"On a perdu le commentateur islandais sur le but du 2-1 contre l'Autriche ! Historique üëè‚öΩÔ∏è

#Euro2016 #ISL

 https://t.co/achfAkIKzf",457671572,josselin_riou,2350,2198234068,LEOBAST5,177,3
745684632352473088,Last 16 #EURO2016 #ISL,92358009,Eidur22Official,8063,190550846,andreasridam,297,1
745888611464261632,"Best players so far in #Euro2016¬†

Payet #Fra¬†
Srna #Cro¬†
Perisic #Cro¬†
Iniesta #Esp 
Bale #Wal",2365969952,mephobia8,15321,1469236794,JoshuaJonas5,348,1
745847448627777537,"I apologise I don't know who took this picture, but I doubt there'll be a better #EURO2016 #COYBIG #IRE #RobbieBrady https://t.co/soBoTljPsU",632525499,brianfobyrne,3817,85628510,givemesomenarry,1159,3
745726343262928896,"The Home Nations' fixtures #EURO2016 

#ENG¬† play #ISL¬† -Mon 27th @ 8pm

#WAL¬† play #NIR¬†  -Sat 25th @ 5pm

#IRL¬† play #FRA¬† -Sun 26th @ 2pm",2354786918,SbatSports,22089,745892980838531073,wichernbaltz,0,3
745726343262928896,"The Home Nations' fixtures #EURO2016 

#ENG¬† play #ISL¬† -Mon 27th @ 8pm

#WAL¬† play #NIR¬†  -Sat 25th @ 5pm

#IRL¬† play #FRA¬† -Sun 26th @ 2pm",2354786918,SbatSports,22089,745892107441807360,tarkowsking,0,3
745726343262928896,"The Home Nations' fixtures #EURO2016 

#ENG¬† play #ISL¬† -Mon 27th @ 8pm

#WAL¬† play #NIR¬†  -Sat 25th @ 5pm

#IRL¬† play #FRA¬† -Sun 26th @ 2pm",2354786918,SbatSports,22089,745892999507382272,clamearlsx,0,3
745726343262928896,"The Home Nations' fixtures #EURO2016 

#ENG¬† play #ISL¬† -Mon 27th @ 8pm

#WAL¬† play #NIR¬†  -Sat 25th @ 5pm

#IRL¬† play #FRA¬† -Sun 26th @ 2pm",2354786918,SbatSports,22089,745892384756621314,morago98vspenc,0,3
745891101597372416,La croatie c'est prenable #TeamPortugal üáµüáπüáµüáπüáµüáπüáµüáπüáµüáπüáµüáπüáµüáπüáµüáπ #POR #EURO2016,1735303808,ParisienPur,4016,916764146,emi_cmd,407,1
745724312653545472,Sveriges b√§sta m√•lg√∂rare 2016. #swe #euro2016 https://t.co/dF56aXUyH2,92242580,tizorSE,905,2591725996,Johannaavilen,105,3
745298891696967680,Real Madrid confirm they will trigger @AlvaroMorata's buy-back clause. He'll return to the Bernabeu after #EURO2016. https://t.co/3VsnFnAIEO,627673190,ChampionsLeague,11786812,733662552710729728,RSutiyaji,82,1
745870302077456384,La #suede quitte #EURO2016 et #SaintNazaire : au revoir et √† bient√¥t ! https://t.co/UkHkR1yuhW,1907791560,VilleStNazaire,2234,3022038261,MorinoMarie,428,3
745732585205145600,Has anyone checked on Scotland? Is everyone ok? #EURO2016,170289636,MrJamesMcMath,1405,1071360007,JasonRead9,388,1
745734153900032000,"So, England play Iceland, NI play Wales, Ireland play France and Scotland play Everybody Hurts by REM.

#EURO2016",1373127236,chris_trodd,10812,4684667838,SpursyMonkey,260,3
745889256313393152,Vom Stadion ins Studio: H√ºbscher Effekt im franz√∂sischen Sender M6 #EURO2016 https://t.co/uhLBXe83S8,2450574870,der_rosenkranz,3438,19856336,ciffi,2812,3
745889256313393152,Vom Stadion ins Studio: H√ºbscher Effekt im franz√∂sischen Sender M6 #EURO2016 https://t.co/uhLBXe83S8,2450574870,der_rosenkranz,3438,19617177,textlastig,1607,3
745889256313393152,Vom Stadion ins Studio: H√ºbscher Effekt im franz√∂sischen Sender M6 #EURO2016 https://t.co/uhLBXe83S8,2450574870,der_rosenkranz,3438,2748381697,SupperElmar,55,3
745736954805952512,"Gabor Kiraly y su chaldal gris 
#EURO2016
1 RT = 1 #RESPECT 
https://t.co/BzEyDXiWxy",4819342185,Foro_MDM1,14626,4016947347,anuel_mby030,53,3
745882359204057089,When you wake up and realise there is no #EURO2016 games on for two days! https://t.co/LDXFOWRS8j,955805444,SundayShoutsFC,92567,442082487,DarrenRoss13,329,1
745315997318516736,La #Pologne affrontera la #Suisse en 8es de finale samedi √† 15h √† Saint-Etienne. #EURO2016 https://t.co/BLHDxZHFFk,443048842,infosportplus,136042,996020623,Daniel_Anoke,228,1
745883493801009152,Hat Joachim L√∂w seine beste Elf gefunden? @EinMartinHerms meint: San√© muss f√ºr G√∂tze spielen. #Euro2016 https://t.co/J75FukYNFt,18031266,RevierSport,16908,188313314,Hosenbrandt,37,1
745695320168865793,"–ü–æ–º–∏–º–æ –∫—Ä—É—Ç–æ–π –∫–æ–º–∞–Ω–¥—ã, –∏—Å–ª–∞–Ω–¥—Ü—ã –∏–º–µ—é—Ç –Ω–∞ —ç—Ç–æ–º #–ï–≤—Ä–æ2016  –∏ –∫—Ä—É—Ç—ã—Ö –±–æ–ª–µ–ª—å—â–∏–∫–æ–≤! 

 https://t.co/7Rjv3LcvUn https://t.co/PBbb73X8Y4",1030605984,tribunaua,15103,1189659810,Sashka_Mudak,232,1
745726552881643520,"Il tabellone del Belgio üòÇüòÇüòÇüòÇüòÇ
Sembra la coppa italia del Milan https://t.co/3t0zYCuDCV",468457103,GiuSette7,1100,2546319283,GianVand,128,1
745741489884499968,Salut @EURO2016. Tu veux pas organiser des matchs entre les √©limin√©s fa√ßon Hunger Games pour nous occuper demain et vendredi stp ?,213745597,JulienChoquet,6274,2504986244,Bab0ubiba,331,1
745722539180171264,"#Euro2016¬†¬†Round of 16:

#SUI¬†¬†vs #POL

#CRO¬†vs #POR

#WAL¬†vs #NIR

#HUN¬†vs #BEL

#GER¬†¬†vs #SVK

#ITA¬†¬†vs #ESP

#FRA¬†¬†vs #IRL

#ENG¬†¬†vs #ISL",365953260,FootballFunnys,1419431,405470772,_Haikal_23,475,1
745728715284373504,CONGRATS @Cristiano! 2 goals by the #HUN #POR Man of the Match! #EURO2016 #HUNPOR #Probably #MOTM https://t.co/DXc6U19Or9,626721448,carlsberg,25142,3228532852,dngerrous,1244,3
745676975944142848,"Portugal: 0 wins, into next round.

Albania: 1 win, eliminated.

Nice one, UEFA. #Euro2016",138806513,whufcammi,783,770052252,nikajber,873,3
745860340362186752,Thursday's front pages in one tweet #COYBIG #EURO2016 https://t.co/cdat1qiDAu,241122100,philipbromwell,9221,238300721,BridCarlow,167,1
745719640354062337,Can't explain how much I'm enjoying Euro 2016. It's just brilliant. #EURO2016 ‚öΩÔ∏è‚öΩÔ∏è‚öΩÔ∏è,1650547956,JoshUJWorld,765976,2367281516,larrys_secret,23463,1
745888935059070976,#EURO2016'ya katƒ±lƒ±m i√ßin adam ba≈üƒ± √∂denen 500 bin ‚Ç¨'nun Mehmet√ßik Vakfƒ±'na baƒüƒ±≈ülanmasƒ±nƒ± destekliyor musunuz? #TUR,322951176,12numaraorg,1110763,1262699250,BarisTnc_,1008,1
745888935059070976,#EURO2016'ya katƒ±lƒ±m i√ßin adam ba≈üƒ± √∂denen 500 bin ‚Ç¨'nun Mehmet√ßik Vakfƒ±'na baƒüƒ±≈ülanmasƒ±nƒ± destekliyor musunuz? #TUR,322951176,12numaraorg,1110763,4913064382,ucakir555,255,3
745722531345113088,"‚ö†„Éô„Çπ„Éà16Ê±∫ÂÆö‚ö†
„É¶„Éº„É≠„ÅÆÊ±∫Âãù„Éà„Éº„Éä„É°„É≥„ÉàË°®„ÅØ„Ç≥„ÉÅ„É©ÔºÅ
https://t.co/Z93tZ8Mzh6
Ê±∫Âãù„Éà„Éº„Éä„É°„É≥„Éà„ÅØ25Êó•ÔºàÂúüÔºâ„Åã„Çâ„Çπ„Çø„Éº„Éà„Åó„Åæ„Åô„ÄÇ
#EURO #EUROË¶≥„Çã„Å™„Çâ„Ç´„Éº„É´„Çπ„Éê„Éº„Ç∞ https://t.co/U8UF1WNd6i",46588298,SoccerKingJP,895452,3285109772,yuichi01281392,281,1
745722531345113088,"‚ö†„Éô„Çπ„Éà16Ê±∫ÂÆö‚ö†
„É¶„Éº„É≠„ÅÆÊ±∫Âãù„Éà„Éº„Éä„É°„É≥„ÉàË°®„ÅØ„Ç≥„ÉÅ„É©ÔºÅ
https://t.co/Z93tZ8Mzh6
Ê±∫Âãù„Éà„Éº„Éä„É°„É≥„Éà„ÅØ25Êó•ÔºàÂúüÔºâ„Åã„Çâ„Çπ„Çø„Éº„Éà„Åó„Åæ„Åô„ÄÇ
#EURO #EUROË¶≥„Çã„Å™„Çâ„Ç´„Éº„É´„Çπ„Éê„Éº„Ç∞ https://t.co/U8UF1WNd6i",46588298,SoccerKingJP,895452,2913598566,FujioWe,275,3
745876607697559554,–ò—Å–ª–∞–Ω–¥—Å–∫–∏–π –∫–æ–º–º–µ–Ω—Ç–∞—Ç–æ—Ä –≤ –ø—Ä—è–º–æ–º —ç—Ñ–∏—Ä–µ!! ..–ß–µ—Ä–¥–∞–Ω—Ü–µ–≤—É  —Å—Ä–æ—á–Ω–æ –Ω–∞ –º–∞—Å—Ç–µ—Ä –∫–ª–∞—Å—Å –∫ –Ω–µ–º—É #–ï–í–†–û2016 #EURO2016 #ISL https://t.co/cr0S78PrhH,1705008456,lashkov_74,20099,1176424464,Dergachev32,17,3
745891510286188546,Cristiano Ronaldo becomes the 1st player to score in four Euro finals #EURO2016 https://t.co/2WbCwRuPVm,1742526258,Footballltrolls,184272,516739443,adeleye_gbengah,286,3
745357526653345792,"#CroaziaSpagna, #Piqu√© beccato a mostrare il dito medio durante l'inno!
#CRO #ESP #EURO2016 https://t.co/9Jaa7VNjYC",81810036,fantagazzetta,22565,2961226822,lumontag,50,3
745887881705693184,".@ArcnGunnarsson, .@mcgov12 &amp; Armando #Sadiku are top trending players of the #EURO2016 group stage on search https://t.co/014tRe3YjE",3119988399,GoogleTrends,71688,135144370,ericlindros84,19,1
745871941429497856,"#EURO2016 : ¬´Ils parlent tout bas de peur qu‚Äôon √©coute¬ª, les #taxis des Bleus racontent https://t.co/xDQIoZEwvn",1731016045,LNT_Parisiens,1589,1509152245,MoMoElTaCo,1005,1
745884731594637312,On va passer un week-end de dingue. #EURO2016 https://t.co/UoZWuBfqU9,3413293427,GodSaveTheFoot,880,607546057,Juugo_75,185,1
745884731594637312,On va passer un week-end de dingue. #EURO2016 https://t.co/UoZWuBfqU9,3413293427,GodSaveTheFoot,880,607546057,Juugo_75,185,3
745866523261042688,#ISL's @ElmarBjarnason had a message for @Cristiano after finishing above #POR in their #Euro2016 group https://t.co/z2cAbPR6Pt,19569290,SimonPeach,30880,460447485,WomanOnSport,394,1
745876937202147330,#ENG's clash with #ISL in the last 16 of #Euro2016 will be live on @ITV: https://t.co/z0VuQwGVw7,1903382054,England,2537704,1165317434,zafri09,461,1
745876937202147330,#ENG's clash with #ISL in the last 16 of #Euro2016 will be live on @ITV: https://t.co/z0VuQwGVw7,1903382054,England,2537704,2324590001,jamesmurray75,29,3
745723781155524608,"Vamos a ver.No confundamos entre la Republica de Irlanda(Eire),e Irlanda del Norte.Ambas clasificadas para octavos en #EURO2016",367785011,BruixetValencia,1175,1713588211,Valenciafutbol1,2087,1
745880405459501056,Icelandic team doing the Viking Chant with their fans after winning Austria last night! Great moment #Euro2016 https://t.co/hcsfZbuJVy,6754922,GissiSim,13819,122733603,kimmojii,597,3
745685223757742080,"Retwittiamo la Maglia Azzurra e coloriamo #Twitter!!!

#Euro2016
#ItaliaIrlanda #ITA v #IRL #ITAIRL #ITAIRE https://t.co/YZm7poG73N",233498480,Vivo_Azzurro,477836,206790611,rosariostumpo,29,1
745685223757742080,"Retwittiamo la Maglia Azzurra e coloriamo #Twitter!!!

#Euro2016
#ItaliaIrlanda #ITA v #IRL #ITAIRL #ITAIRE https://t.co/YZm7poG73N",233498480,Vivo_Azzurro,477836,2361163792,elena8418,5359,1
745685223757742080,"Retwittiamo la Maglia Azzurra e coloriamo #Twitter!!!

#Euro2016
#ItaliaIrlanda #ITA v #IRL #ITAIRL #ITAIRE https://t.co/YZm7poG73N",233498480,Vivo_Azzurro,477836,2361163792,elena8418,5359,3
745685223757742080,"Retwittiamo la Maglia Azzurra e coloriamo #Twitter!!!

#Euro2016
#ItaliaIrlanda #ITA v #IRL #ITAIRL #ITAIRE https://t.co/YZm7poG73N",233498480,Vivo_Azzurro,477836,2361163792,elena8418,5359,3
745876626764881921,"Here's how the #EURO2016 last 16 looks then.

Who's your favourite to lift the trophy? https://t.co/ta0EZIsNGz https://t.co/czaIv9tEqu",265902729,BBCSport,5830139,363913417,MHealy18,141,1
745876626764881921,"Here's how the #EURO2016 last 16 looks then.

Who's your favourite to lift the trophy? https://t.co/ta0EZIsNGz https://t.co/czaIv9tEqu",265902729,BBCSport,5830139,274429588,JustClareE,289,3
745892889469849600,üòÇüò¥üò© #euro2016 #98fmbigbreakfast #coybig #ireland https://t.co/z3wd6mW7y8,19334486,98FM,120339,334182683,megz_lyons,107,1
745666151720558593,Incroyable #Cristiano #EURO2016 #POR #HUNPOR https://t.co/fZAzySGcAx,1334345101,Footballox_,6639,67455306,bordoray,75,1
745889285094645765,Cristiano Ronaldo se luci√≥ con golazo de taco en la #EURO2016 | VIDEO ‚ñ∫ https://t.co/rVCy1fJ2WG https://t.co/g0R53NocjK,8168562,elcomercio,2783720,583952548,EjercitoInforma,163,1
745706360059355136,Ci segnalano la pacata reazione del telecronista islandese per il gol allo scadere di Traustason.. #EURO2016 https://t.co/lVRnqXgZ51,2593419425,CI_OfficialPage,19401,182810905,pablorojasit,1097,3
745886849676218368,"Hamr√©n: ""No creo que en un pa√≠s como Suecia encuentres a otro jugador como Zlatan"". #SWE #EURO2016 https://t.co/GEukcrOCPE",74426491,UEFAcom_es,432000,181791044,Joseangel_FCB,956,1
745885917420847104,"#EURO2016  Group stages complete ‚úÖ
All 12 Reds participating qualified ‚úÖ

Best of luck in the last 16, lads. https://t.co/mHxnHB3W6Q",19583545,LFC,5902949,972160098,AriffSohaili,422,1
745885917420847104,"#EURO2016  Group stages complete ‚úÖ
All 12 Reds participating qualified ‚úÖ

Best of luck in the last 16, lads. https://t.co/mHxnHB3W6Q",19583545,LFC,5902949,3126296677,fahz29,83,1
745885917420847104,"#EURO2016  Group stages complete ‚úÖ
All 12 Reds participating qualified ‚úÖ

Best of luck in the last 16, lads. https://t.co/mHxnHB3W6Q",19583545,LFC,5902949,739989087466098688,Jordan96Jr,79,3
745692534115012608,L'#ISL s'impose dans le #PS4Time ! RT+follow pour tenter de gagner la PS4. #ISLAUT #Euro2016 https://t.co/Oporg8zKZw,216435027,PlayStationFCFR,22404,2669375862,knnyl8,47,1
745883636981964800,When you sober up and realise you're into the knock-out stages of #Euro2016 https://t.co/NoSCkXFQK1,14387275,paddypower,589314,142435484,simple_slan,378,1
745883636981964800,When you sober up and realise you're into the knock-out stages of #Euro2016 https://t.co/NoSCkXFQK1,14387275,paddypower,589314,939842935,Originalraffo,38,1
745883636981964800,When you sober up and realise you're into the knock-out stages of #Euro2016 https://t.co/NoSCkXFQK1,14387275,paddypower,589314,442867926,phunpond,1172,3
745893099164041216,"Iceland commentator wins the day with hilarious celebration during live broadcast #EURO2016

https://t.co/MVxvveeNg7 https://t.co/Hddsg1GMbz",2445423822,MirrorRowZed,15475,4195795294,FootyNews247,3389,1
745893099164041216,"Iceland commentator wins the day with hilarious celebration during live broadcast #EURO2016

https://t.co/MVxvveeNg7 https://t.co/Hddsg1GMbz",2445423822,MirrorRowZed,15475,1691221608,FootyDezigns,8936,2,4195795294
745724780771409920,The 5 countries featuring Liverpool players all progressed to the knockout stages of Euro 2016! #EURO2016 #LFC https://t.co/bUs7MHR5I5,299794764,LiverpoolFans1,15236,33260634,The_T_Stain,753,1
745894004651343872,"GEEN VOETBAL VANDAAG???

#EURO2016 https://t.co/xrV3qPQCNz",217834564,ton65jacobs,1941,84076367,Robbert_____,908,1
745722465876348934,"Il calcio, affermo senza paura, al massimo √® bello praticarlo non di pi√π. #EURO2016",3108348141,Scarfato_Guglie,1652,4362191963,DonatellaNicit1,235,1
745890407528206340,Das Bild zum Ton! Der isl√§ndische Kommentator Gu√∞mundur Benediktsson flippt auf der Trib√ºne aus. #EURO2016 https://t.co/6jOu3xPheM,148269268,sportschau,559844,3245231405,rucola09,684,1
745270191861293056,"#NIR v #GER

¬°A las 18h00 comenzar√° el encuentro entre Irlanda del Norte y Alemania!

@ToniKroos 

#Euro2016 https://t.co/v5KaiBthfz",14872237,realmadrid,19770180,4416089301,sarantis256,18,1
745724534846787584,"#EURO2016 #PhaseFinale - LE TABLEAU FINAL DE CET EURO 2016 !
#FRA #NIR #IRL #GER #SVK #BEL #ITA #ESP #ENG #POR #CRO https://t.co/g5Q6NQzRhk",793475474,Stadito,1368,895144910,Gueshinho_69,1853,3
745893948166647809,Colour changing LED Green Strip set at Green for EURO2016 #Clare #Led #Green #lights https://t.co/B5xXt1MSJg,276098409,CSGL_ELECTRICAL,1082,2315858764,oconnorkerin,573,1
745874060563873792,Listen as an Icelandic commentator goes mad after the national team scores a late winner in #Euro2016 https://t.co/34GJ299fTI,7587032,SkyNews,3370530,2403016908,yuuji_K1,1752,1
745865721389924352,"11 - Here is the best XI from the #Euro2016 group stage, based on Opta data. Selection. https://t.co/a9hpWkW9kf",44606764,OptaJoe,773009,2972411685,HenryRostock,84,1
745865721389924352,"11 - Here is the best XI from the #Euro2016 group stage, based on Opta data. Selection. https://t.co/a9hpWkW9kf",44606764,OptaJoe,773009,375013491,Addai_B_Herman,219,3
745720025273741312,Life goals: to someday be as happy as Michael D Higgins is right now #IRLITA #COYBIG #EURO2016 https://t.co/VggUfAhPrL,25890927,deniseodonoghue,1224,22294289,AnnaVDesigns,1827,1
